case,serial_ms_2,pipeline_ms_2,speedup_2,cycles_ratio_2,instructions_ratio_2,serial_spread_2,pipeline_spread_2,serial_ms_4,pipeline_ms_4,speedup_4,cycles_ratio_4,instructions_ratio_4,serial_spread_4,pipeline_spread_4,serial_ms_8,pipeline_ms_8,speedup_8,cycles_ratio_8,instructions_ratio_8,serial_spread_8,pipeline_spread_8
i32_d1_fixed_rate,6.3253185599999995,3.4200353199999998,1.8494892503039997,1.0025432916179788,1.0001324380774241,0.07067014503060864,0.03072541367789139,6.52956366,1.7064116200000001,3.8264880427853627,1.0012802862432746,1.000543912787974,0.012147026069426525,0.14636842428440544,6.5793082,1.22489732,5.371314062471783,1.0962755660237848,1.002801694013207,0.035083898334478336,0.7469406170306583
i32_d1_fixed_precision,6.27170456,5.227372679999999,1.1997814091188923,1.0658683659732737,0.9710240249025742,0.019931146118911114,0.029971744811583045,6.2517206,5.12152834,1.2206748034903971,1.3181870356975158,0.990251314070937,0.006759748668230703,0.024340007850078615,6.23807092,5.7212347800000005,1.0903364675413652,1.9710136167816061,1.0493696464875626,0.022553289599342996,0.0440169595696962
i32_d1_reversible,10.49151848,10.49471282,0.9996956238770143,1.0620096282920022,1.0269803897199141,0.051309842424258845,0.021137064329884048,10.486666300000001,10.011208300000002,1.0474925689039953,1.1754555957446344,1.0406435369661622,0.022044712150323553,0.07059984557508403,10.49185816,10.6450506,0.9856090453905405,1.5701936763613809,1.073296683591378,0.01573916245165874,0.06342488217012332
i32_d2_fixed_rate,3.74625412,1.9367918,1.9342575283517827,0.9977222239051191,1.0002179353388834,0.06380676599696344,0.016042271554433496,3.65019736,0.95529306,3.82102363435991,0.9962875321021383,1.0010261363071296,0.0328224827821364,0.506080134194631,3.66085304,0.6393493,5.725904509475493,1.0689877754088848,1.004598671612458,0.049482882273799156,1.11365198960881
i32_d2_fixed_precision,3.40762282,2.0357543799999998,1.673887013815488,0.9641314933760413,0.946735125095997,0.03345869716883754,0.015746084259929294,3.3543223199999996,1.57862138,2.1248428296340443,1.0371948924737509,0.9618482777218935,0.03340460138010837,0.05383337706980762,3.37908218,1.8394129399999999,1.8370438233407231,1.6133479463453795,1.0301149162867966,0.004717955690559661,0.08862409111898506
i32_d2_reversible,4.651751440000001,3.76589886,1.235230050761374,1.0739702343624047,1.0604102695728943,0.04191205882659954,0.024031787194624732,4.64582902,3.65526244,1.2709973897250453,1.1389795959832458,1.0745910115954733,0.02147056199670483,0.03475021618420371,4.64326754,4.116190759999999,1.1280496485056004,1.602810490976284,1.118548653900001,0.03553001384882526,0.03697860203155412
i32_d3_fixed_rate,2.4769396,1.306921,1.8952481443025249,1.010049761939807,1.000401590077725,0.014853466753892652,0.09898182063032124,2.43881718,0.62907402,3.876836592297994,1.0051468251489235,1.0015429917421352,0.05911974098853934,0.01621640645722411,2.41434462,0.39149526,6.166983017878684,1.0623873175088514,1.0077680923169747,0.059657465138510224,0.44827086795380366
i32_d3_fixed_precision,2.05748532,1.83972504,1.1183656662084678,1.0997128914907661,1.0021988321516135,0.023212559300301416,0.11348071883611488,2.04618892,0.74921144,2.7311234329256906,1.15831310832322,1.0172112266638744,0.004580955310812707,0.015654592780911303,2.01886872,0.7364987199999999,2.741170711063829,1.619225617031444,1.0826035189144525,0.015389371132561891,0.015506720772033411
i32_d3_reversible,2.39170704,2.17525982,1.0995040767130062,1.3653670537980382,0.993535798766149,0.03543318583031807,0.025412035606854566,2.38863458,1.164803,2.0506768784077654,1.419150739754814,1.0109097972790435,0.006345817868884662,0.005789287974017787,2.4161172200000003,1.27645878,1.8928282353152055,1.8625065349189067,1.0823569425621147,0.01369646295555138,0.5080455790354625
i32_d4_fixed_rate,2.68411478,1.409022,1.9049488084643105,0.9914650673968128,1.0009865698841671,0.023776911656512745,0.05888008845851944,2.6590953799999997,0.6840615999999999,3.887216268242509,0.9958273859441421,1.0024472051593631,0.03553079769556833,0.2348815954586545,2.6331076600000003,0.50865494,5.176608842135693,1.1175314722069467,1.008023713338803,0.023045142028108367,0.1948870878949882
i32_d4_fixed_precision,2.07976774,1.92645702,1.0795816975973853,1.0872779370414725,1.0160887374592724,0.02614466940428639,0.11783266257349467,2.02009792,0.7971511800000001,2.534146559251157,1.1976347466400519,1.0321679797459629,0.014321840398707097,0.5384875676907357,2.03009952,0.71527072,2.8382253924779697,1.7124482953602567,1.106929297882075,0.04713117709618486,1.5304233060176151
i32_d4_reversible,2.69367666,2.285619,1.178532668830632,1.0858742742964194,1.0248662618288507,0.038318934686095485,0.12698897760300376,2.63349848,0.9184538000000001,2.867317310897946,1.1406272676681728,1.0313050684231444,0.013223299828902801,0.015851575767882764,2.6892942,1.01764754,2.642657790928282,1.5773452717445027,1.1127101013748595,0.0011081048700436469,0.0617204066547441
i64_d1_fixed_rate,8.03022664,4.20655978,1.9089771832506797,0.9954812696171064,1.0001066451984768,0.010040269548357461,0.04504577372248808,7.98675496,2.08334514,3.8336206549050247,0.9939821667752852,1.0004487757758231,0.026119271349223983,0.015963039134264667,7.8912723,1.5118398,5.219648470691141,1.1439760085066268,1.0026778588187557,0.006705605634721223,0.06405310933076369
i64_d1_fixed_precision,3.1165094,2.13713254,1.4582667858307,1.1884941473241983,0.9399794864073846,0.057812551439761384,0.012160958440134984,3.1098901800000003,2.2824032200000004,1.362550732819243,2.117720771020819,0.9903663466404259,0.02965224321844051,0.05588472662599897,3.14884306,2.69026004,1.1704604808388708,3.394812360644518,1.136882601006619,0.10243558470646685,0.1770261361054153
i64_d1_reversible,33.47241592,37.547165820000004,0.8914764986647933,1.1344222828647452,1.0919109683140096,0.016062544791657807,0.025417039053628354,33.27950746,36.79346582,0.9044950432995116,1.1746418372460583,1.097496280677247,0.01827703011323356,0.03616956571882968,33.080964,39.71212008,0.8330193385132412,1.2941712896558881,1.1126994836119268,0.009492260261823038,0.014731909523375997
i64_d2_fixed_rate,4.5216885,2.38101968,1.8990554920570837,0.9899965997702352,1.0001862157958061,0.04064585607787885,0.058782470878190995,4.53329866,1.18763366,3.8170850260340385,0.9930393893774742,1.0006912325901058,0.051904120519604025,0.8369841589030076,4.58563658,0.76405,6.001749335776455,1.0548864871363897,1.004270635781533,0.033453470924641016,0.1456149990183888
i64_d2_fixed_precision,1.2972735,1.3021416666666668,0.996261415488586,1.5667965826124322,0.9844118213836529,0.006331638368213488,0.006002444690477837,1.3180041333333332,1.0396037333333332,1.26779472896596,2.5856112492385934,1.039815214785466,0.027543059804263637,0.02851063892549832,1.2798281666666667,1.0412989333333333,1.2290689308302374,4.593891750570741,1.3057215472954653,0.009244339962825698,0.04441305487428382
i64_d2_reversible,9.104173166666666,8.8993162,1.0230194053186543,1.1293994135948446,1.0682744133630897,0.005634544260920471,0.007688635672929767,9.119527766666668,8.527823466666666,1.0693851487795027,1.189899298963319,1.0825094748577722,0.01798223959937273,0.02415655461660915,9.0396675,8.819269166666666,1.0249905439065576,1.6941443789677755,1.1240827964155709,0.013646958438091605,0.0331448741548217
i64_d3_fixed_rate,3.507306466666667,1.7979679666666666,1.9507057587733443,0.9905267776581531,0.9996265246544436,0.03950565331264544,0.0032381926567137675,3.499914433333333,0.8761086,3.9948408602921295,0.956922656721239,1.000807916787545,0.03464615177782493,0.0064934872229309715,3.4992562666666664,0.5308360333333333,6.5919719968771275,1.1054303948431177,1.0051920336435627,0.013347169543303394,1.3956006252024715
i64_d3_fixed_precision,1.1751158333333334,1.070392,1.0978368983823994,1.1860021966218512,0.9416021306941145,0.04789278220090365,0.14258050633163677,1.1642501,0.5193789333333334,2.2416197987237063,1.322906342648789,0.9493777695707863,0.21012750324579454,0.029630838575919638,1.1586565,0.5693284666666667,2.0351283447739075,2.435822067616402,1.2692920258085008,0.14700701487743206,0.1722950910470311
i64_d3_reversible,4.511914433333334,3.8647088,1.1674655625627819,1.2765146738732036,1.0285314536510195,0.01647189925654091,0.019522134932046242,4.539756866666666,2.134235466666667,2.12711152896219,1.3279069782384492,1.045550221971594,0.0148229524127379,0.03256477604532981,4.558788799999999,2.177707933333333,2.093388525715677,1.8680832478684841,1.1334753260323174,0.0053093780815935965,0.0050205691800913055
i64_d4_fixed_rate,3.3950309,1.7377364333333334,1.9537087643881859,0.9903729923609645,0.9997459516276714,0.005901320858866743,0.021375949743663636,3.3720706000000003,0.8449788333333333,3.990716059356911,1.0313282626975977,1.0016394850544423,0.009397786629971483,0.1455485768578424,3.3698242666666665,0.5761688333333334,5.848675026677655,1.152444127714492,1.0083203868733361,0.00977974835641282,0.024021026244332777
i64_d4_fixed_precision,1.2682671666666667,1.1864834,1.0689295498501428,1.1065384311838835,0.9516633869513966,0.014435339136614544,0.30928018040538974,1.2521131666666667,0.5264692666666667,2.378321482266961,1.2448197847151095,1.0627615401262023,0.026811820390569174,0.013273329408655554,1.2517540333333335,0.5443735333333333,2.299439551494238,2.46146063422214,1.5085197990419237,0.07071788677546631,1.0481830306959572
i64_d4_reversible,4.531946,3.8272283333333337,1.1841326425520295,1.0808152339272257,1.0144169450533034,0.013268067771916803,0.0065121190835666365,4.5482480333333335,1.3595103333333332,3.3455045701503803,1.0528569314988045,1.0207838130472242,0.08996973420703447,0.0035443643802144376,4.5560705666666665,1.4021025333333335,3.2494560549970237,1.728391896369195,1.1099380209053817,0.020213149025194,0.14755948899219828
f32_d1_fixed_rate,11.790596733333333,6.139937266666666,1.9203122477071126,1.0032305522530998,0.9991116246054255,0.06619440200117443,0.07455328072353051,11.634628633333334,3.618085066666667,3.215686867211303,1.004874624718304,0.9994011478876443,0.0062290571491927516,0.12102360556254466,11.7207843,1.5995953333333333,7.3273433947669275,1.0588266995381597,1.0005152964816484,0.004979766299996191,0.37792064492978006
f32_d1_fixed_precision,16.8967503,17.480508933333333,0.9666051694742038,1.1357563537412232,1.0193864803151453,0.05147036468900157,0.011956644633771552,16.822760233333334,16.889011733333334,0.9960772423486899,1.176098916742798,1.0294338071011615,0.010364198913556333,0.01928017884101485,16.777618399999998,17.109192800000002,0.9806201026620027,1.428484752347208,1.058902852343603,0.008558910443054124,0.07824431475613891
f32_d1_fixed_accuracy,16.99771833333333,17.569012333333333,0.9674828619184189,1.1274841737074774,1.0196389926935163,0.04452015569540646,0.01993225117169839,17.163139033333334,17.049767666666668,1.0066494376277229,1.1651790133261883,1.0294492808264566,0.02541883310619175,0.020791112246436594,17.073256399999998,17.522324033333334,0.9743716853723822,1.4195697463325514,1.0581467477237485,0.003728472482066536,0.07278209771568722
f32_d1_reversible,30.302293833333334,31.501689266666666,0.9619259963114909,1.0793348677385235,1.0647459111165762,0.010287347718555218,0.036354187981440855,30.412626766666666,30.4295465,0.9994439702434167,1.1004504238948236,1.0718629706911622,0.03295157658326264,0.02906751392652751,30.344214933333333,31.591908466666666,0.9605059145239737,1.2342547191515916,1.0926124141930533,0.0013279016584168968,0.04997291637717183
f32_d2_fixed_rate,4.966663233333334,2.795873266666667,1.7764264541413763,0.9935255059576671,0.9933896311488467,0.026892018589784517,0.08966174170174002,4.9964985,1.2918994666666666,3.86755984418189,0.9897040060609269,0.9939279001919298,0.006122100640411743,0.1520016882634625,5.0008137999999995,0.6939461333333333,7.206342913071447,1.0807702616389139,0.9963274891251105,0.00889552549760353,0.21531868179585878
f32_d2_fixed_precision,6.367796233333333,5.185303233333333,1.2280470296121608,1.0545482080738862,0.9870611116904621,0.017069034458792043,0.05716136935405314,6.3969617,4.8504142,1.3188485428728953,1.1100342880806284,0.9989145097597535,0.005040043723673726,0.05986113515831293,6.3632576,5.062764,1.2568742291759993,1.6032823642992133,1.042165078957323,0.028046666956665023,0.05369314074288267
f32_d2_fixed_accuracy,7.083028866666666,5.9812058666666665,1.184214191011293,1.053282580653602,0.9927224017008865,0.02442762410314625,0.01719250860539967,7.114377166666667,5.6644371,1.2559724895994815,1.1017234099391002,1.0032984436377366,0.005966102022095354,0.012218613331705486,7.071538966666667,5.834850866666666,1.2119485361768116,1.515444565527681,1.0407237160740996,0.03585795131657532,0.08173585082088874
f32_d2_reversible,9.678034066666667,9.778139333333334,0.989762339924385,1.1086733599949963,1.071078241132724,0.016898507714145916,0.02041998924267041,9.692094066666666,9.469100800000001,1.0235495715355216,1.147199663114284,1.0832326447594947,0.008404963823057221,0.019394766607617075,9.6657616,9.5878485,1.0081262339512351,1.412519661769082,1.1216570058012572,0.04178906433336116,0.010976477152303765
f32_d3_fixed_rate,2.5458038333333337,1.3313149666666666,1.9122475875919072,0.9867867003333283,0.9999708491515333,0.019273467195004335,0.007389310753886491,2.5249839,0.6391774,3.950364797003148,0.9864637488075929,1.0009027524716583,0.03767212139451659,0.019924098275898583,2.497851133333333,0.4004448,6.23769152036269,1.1051822212184403,1.0067922772774722,0.02947336039535009,0.025169594743978063
f32_d3_fixed_precision,2.8230862333333335,1.9298382666666667,1.4628615682958441,1.1003936468392932,1.0009123295991236,0.031773961515663585,0.0031861391908005743,2.862491133333333,1.359031,2.106273612105488,1.1482672890732504,1.0152976401693359,0.022566847193960404,0.03565697422158398,2.8721232666666667,1.4373256666666667,1.998241131620136,1.6639831430426353,1.0956575567846156,0.00714730233607197,0.004514750426544367
f32_d3_fixed_accuracy,3.5027513666666668,2.3500327333333333,1.4905117349996628,1.0865091103390516,0.9996322268492448,0.00973177837410688,0.12215966013069135,3.4911646666666667,1.6765949,2.0822946954369637,1.137278151730362,1.0108565124645088,0.09257238319895933,0.022110131274605038,3.4715640666666667,1.7727006,1.9583476570531237,1.608518418164039,1.0745891216052628,0.02706772265434787,0.08711234147492242
f32_d3_reversible,4.0829010666666665,3.0446157666666664,1.3410234261306295,1.2326458241934442,1.0040129170071703,0.05829031762317505,0.019911795547534528,4.088829566666667,2.9200628333333336,1.4002539671378076,1.300736064098597,1.0205814622211076,0.00929546366434919,0.011523210944604623,4.122595966666667,2.995515533333333,1.376255913478488,1.7190753892002917,1.0776137431362183,0.01068340604385698,0.33516567977291745
f32_d4_fixed_rate,2.5856963,1.3522523,1.9121404341482722,0.9948647449728846,0.9993223959577533,0.014732678904840313,0.006345733953148525,2.574311066666667,0.6493972333333333,3.964154656854354,1.0122878843503522,1.0029673698238393,0.0068696178804188435,0.03829556403509993,2.5727793333333335,0.42670626666666667,6.029391959558754,1.1310396691675342,1.010126402360923,0.012592620328365944,0.04871282259115328
f32_d4_fixed_precision,2.6722708666666666,2.097363533333333,1.2741095304635315,1.101330917623912,1.0107728559995897,0.027281890061893188,0.0029647856628129965,2.661468466666667,1.0599256000000001,2.510995551637461,1.1543327174062983,1.027872082111376,0.021635161461115215,0.010110929798594626,2.674105866666667,1.1177226333333332,2.3924592621801013,1.7229632435547135,1.1164967790902636,0.00936084854082564,0.00811122520885399
f32_d4_fixed_accuracy,3.4863566,2.4944201,1.3976621660481328,1.0803519888220823,1.0164889794326761,0.047382703192209386,0.03711384996189415,3.4953671,1.5502361,2.254732101774691,1.1251511935576528,1.0277935212793428,0.00389545159171778,0.01604112646669309,3.4618447666666667,1.6394005666666667,2.111652781544116,1.6132725353686108,1.0936286596569171,0.022970354062573417,0.2055300416003678
f32_d4_reversible,3.7751356666666664,2.6264699,1.4373420638350611,1.065272540044169,1.0347904140017057,0.08422158250030232,0.013527955019269955,3.731621366666667,1.8622215666666666,2.0038546612614856,1.1024449081896677,1.0452423898722083,0.05950408098299298,0.9270518239621577,3.7590026333333335,1.8959811666666668,1.9826160193046924,1.4960965242106379,1.1126648465927214,0.04946495603678702,0.45295551898502495
f64_d1_fixed_rate,10.617774633333333,5.646881966666667,1.880289812326459,1.002002411685924,1.0000841568501126,0.02944065752585412,0.037134741125779636,10.584741766666667,3.1187728666666668,3.3938802917634723,1.0029709907913829,1.0003788097401964,0.010521450195794868,0.1838112695307319,10.651425833333334,2.1084788333333333,5.051711055829902,1.193385665434113,1.0020076958721487,0.025202966958023154,0.10397005803473003
f64_d1_fixed_precision,17.0044422,17.6546512,0.9631706685884567,1.0871187803304507,1.0272559457664,0.018990408282842708,0.0075460435415832805,17.070148066666665,16.870176033333337,1.0118535830887723,1.1836576614050065,1.0400542862608204,0.026280824566641714,0.032309747821027024,16.954969766666665,17.337154366666667,0.9779557479897156,1.5988172682914037,1.0766016883498648,0.06027884532175909,0.008496903829648295
f64_d1_fixed_accuracy,17.402636066666666,18.09120263333333,0.961939149064752,1.0818546060837628,1.0273512805751748,0.026104983842275553,0.019902443227843625,17.360802133333333,16.9721129,1.0229016408047424,1.1867753170174924,1.0401658601031567,0.02079151434907578,0.025766783973412588,17.3356042,17.687069066666666,0.980128710678863,1.5799672963355045,1.0765375163317776,0.0780730349931118,0.033354190252949945
f64_d1_reversible,41.39832593333333,44.004962633333335,0.9407649377703254,1.0831552561187505,1.0677876518897316,0.013064818954378277,0.017699444639682982,40.982775866666664,42.93093356666667,0.9546211195949246,1.1077018672828842,1.073783596574948,0.016522048242972653,0.046347879443233264,41.04323016666667,43.43359556666667,0.9449650582961521,1.2402001199456085,1.0921860068200215,0.017303711975138913,0.05478534075496855
f64_d2_fixed_rate,5.3095266,2.7250067666666666,1.9484452900991571,0.9945363514392083,1.0001390955438232,0.0359657802009441,0.11199015615900065,5.2332784000000006,1.3624225333333335,3.84115666906664,0.9981029057944245,1.000606578038743,0.051572318415163965,0.3754836115942102,5.239082066666667,0.8652756666666667,6.054812666637646,1.1388620134392315,1.0038912040206813,0.07470468331787039,0.11917986059933883
f64_d2_fixed_precision,6.584075599999999,5.026361666666667,1.309908843938475,1.143771596652347,1.0251285579995657,0.007253982118107238,0.013817920649694448,6.637933633333334,4.863515033333333,1.3648428323627197,1.2211770503746049,1.0420134542810926,0.0825108530637162,0.012824023963299291,6.5805656,5.140047533333333,1.2802538414917122,1.9768365433046793,1.1145707365562487,0.004022865957499677,0.008069250928976368
f64_d2_fixed_accuracy,7.422218333333333,5.928014833333333,1.2520579893960566,1.127172294939138,1.026878754702252,0.007438647610069848,0.006416493166107484,7.401960099999999,5.7676514,1.283357745927571,1.2030999071457749,1.0431628132722672,0.042837247933827705,0.06124185429560902,7.3330535999999995,6.005808766666666,1.2209935222546184,1.9011913733839376,1.1086605651184027,0.025236903582249504,0.01127451260894019
f64_d2_reversible,11.957855666666665,12.369784466666667,0.9666987892060657,1.1726700077205974,1.0839332826515224,0.004063610401497053,0.005028039642426041,11.8784896,11.658178833333334,1.018897528491907,1.221924602108362,1.096533244554595,0.015070914403124247,0.07910254078706669,11.8376941,11.569425,1.0231877643011644,1.6269896251417604,1.1353439583205662,0.016503152135572297,0.060497042852172944
f64_d3_fixed_rate,3.5393447333333334,1.8393399333333333,1.9242472091165748,1.0006556524690007,1.0013595399873712,0.03867535103625874,0.012575235775703408,3.5166953,0.8975627666666667,3.918049445232855,1.0132571784973745,1.001971133305075,0.07437022858742792,0.23663113922246404,3.524178733333333,0.5536864666666667,6.364935654919987,1.0926694301791606,1.0048767898139013,0.03413164005056801,0.021739680110175463
f64_d3_fixed_precision,3.7716927666666664,3.2321832333333336,1.1669179914583432,1.2452739256198164,1.040521583397201,0.0678438433784414,0.0061978437546708065,3.7141866666666665,1.6217301333333334,2.2902618569665845,1.3467240553028774,1.0617556272730986,0.004877496733246334,0.030704759262864645,3.7074874666666666,1.7320030333333334,2.140577929318869,1.915926831308441,1.1752859231128758,0.038965202525656606,0.11690953351101707
f64_d3_fixed_accuracy,4.360959599999999,3.7068941333333334,1.1764456828656484,1.2929881066590858,1.0411726246289519,0.09471412362239429,0.010479788542473,4.325492566666666,2.0554676333333335,2.1043836918278562,1.3561428441986016,1.0585431783010735,0.02342511635495681,0.006758608004676425,4.389762833333333,2.0853103666666666,2.1050884815531297,1.8706949557303074,1.1564589665210572,0.01717792119141448,0.5507386582310665
f64_d3_reversible,6.841784333333333,4.574800566666666,1.4955371788629592,1.2256653917429725,1.0465182043033439,0.06371883104763176,0.009469134089830744,6.7435934,4.4171743,1.5266758660621567,1.2610252575900711,1.061292915793245,0.022726562962707586,0.030159409074409282,6.738412,4.4749509666666665,1.505806890442725,1.9177151236416805,1.137677116180388,0.022772061627180484,0.0559361734235464
f64_d4_fixed_rate,3.6875158999999997,1.9139668,1.9266352478005364,0.9919202434352982,0.9999528076886895,0.04365445583570238,0.2950930670967402,3.6857435,0.9332726,3.949267877359734,0.9997386171479719,1.0009603621259107,0.006989887748111823,0.03639308243557848,3.662733633333333,0.608333,6.0209352991426295,1.1158659208566317,1.0068975521045194,0.01813167613271438,1.0917372557464415
f64_d4_fixed_precision,3.8107290666666667,3.1658451333333333,1.203700404212234,1.075232355030179,1.0119233938311085,0.009185880021278736,0.005404075672094999,3.777283033333333,1.1241517666666665,3.360118398011087,1.147441789308698,1.0169506901349108,0.205379914563105,0.536922164691108,3.8022003333333334,1.1544782666666666,3.2934360421625377,1.8030489326388996,1.1232107433665486,0.2176691549042522,0.9090990539218466
f64_d4_fixed_accuracy,4.351636833333333,3.3384591,1.3034866394898572,1.081958293356174,1.009838830052832,0.03490436031713906,0.39098889464703435,4.294869066666666,1.5744315333333334,2.7278855737687837,1.289435379629998,1.0289608526337268,0.013984989779121992,0.12061661366623189,4.3334234,1.6527339666666665,2.621972735720988,1.9759316559669529,1.1440225375489108,0.005024780177261157,0.04315897261061519
f64_d4_reversible,6.6124584,4.234778433333333,1.5614650221015498,1.0574827306474106,1.029653636210635,0.043374987432813095,0.31961285688043817,6.556228833333333,3.172498866666667,2.0665819307989035,1.0945361859932348,1.0445865373192496,0.008380361342380516,0.028902610797885586,6.613941233333334,3.3085386,1.9990521595647497,1.6712984853944917,1.1218938487414825,0.01027810765196957,0.04505337593260461
