experiment,case,threads,elements,iterations,baseline_ms,queue_ms,speedup,baseline_spread,queue_spread,cycles_ratio,instructions_ratio
main,i64_d1_fixed_precision,2,1048576,29,1.927890448275862,2.0999983448275863,0.918043794188869,0.09720218935748304,0.06816575159205374,1.1689706953373218,0.9923925450398712
main,i64_d1_fixed_precision,4,1048576,46,2.213701086956522,2.215042565217391,0.9993943781117645,0.03477498091186049,0.017412080745371483,0.8673061293190595,1.0269445296220128
main,i64_d1_fixed_precision,8,1048576,48,2.4190510416666666,2.3172135625,1.0439482492311998,0.10777618978516479,0.03116128583709976,0.7741649216609415,1.0230666466930096
main,i64_d3_fixed_precision,2,1048576,99,1.0412571515151514,0.6628326767676768,1.5709200647633623,0.020658390617914524,0.010931442316711282,0.9692387627351884,0.9570171632667693
main,i64_d3_fixed_precision,4,1048576,185,0.5053917081081081,0.4890898702702703,1.0333309660018708,0.024618592337037226,0.0521841859915293,1.125460026763132,1.0073798912678757
main,i64_d3_fixed_precision,8,1048576,171,0.5782506257309942,0.5171226959064328,1.1182077876458585,0.2601827470002611,0.032467811291541304,0.9060881087688597,1.0141653285175378
main,f64_d4_fixed_precision,2,1048576,32,3.1865664375,2.2365864375,1.4247454889612332,0.13683560614605894,0.010700793673215747,1.0585323033283898,0.9943922661623346
main,f64_d4_fixed_precision,4,1048576,83,1.2038369638554216,1.202647108433735,1.0009893637238578,0.3173282941047495,0.013574413309756173,1.0415465632942589,0.9890844803745403
main,f64_d4_fixed_precision,8,1048576,82,1.415661536585366,1.2518550975609757,1.130850958184808,0.1410655671571488,0.044168255739253315,0.9233307048223309,0.9903155292063531
main,i32_d4_fixed_precision,2,1048576,49,2.0015247346938776,1.236041163265306,1.6193026528391328,0.05150353130784602,0.0313455316039688,1.025421483725237,0.9944956217089538
main,i32_d4_fixed_precision,4,1048576,126,0.8514195634920636,0.6730871190476191,1.2649470468202912,0.14689654854197043,0.45981539194842536,0.9755443544179229,0.9807216872814208
main,i32_d4_fixed_precision,8,1048576,98,0.7218016020408163,0.565078724489796,1.277346979737246,1.0838648819167154,0.08886807626497384,0.8467789711943899,0.9755874225198927
main,f32_d3_fixed_precision,2,1048576,27,1.9993093703703704,1.6635119629629629,1.2018605305424448,0.04903845222256642,0.015216268357553187,0.9842488609636523,0.9975675809285475
main,f32_d3_fixed_precision,4,1048576,85,1.4456494470588235,1.4624584470588233,0.9885063401057276,0.06706821602500135,0.048179050122916234,1.0692545180436375,1.0336276219024463
main,f32_d3_fixed_precision,8,1048576,74,1.6702202027027027,1.5407451351351351,1.0840340589854995,0.07691329258696622,0.029069297288061957,0.9072307313485899,1.0169434989499524
main,f64_d4_reversible,2,1048576,17,4.399024882352941,3.896428705882353,1.1289889317650879,0.03126412119434563,0.0055358988762077566,1.0031637780282583,0.996836042843397
main,f64_d4_reversible,4,1048576,33,3.465744181818182,3.645865212121212,0.9505958065305894,0.05096029137403857,0.013399321798761354,1.1335289822146168,1.0274590206033323
main,f64_d4_reversible,8,1048576,31,3.8251216451612904,3.7747940322580646,1.0133325454245037,0.042060741209739794,0.055566244738070036,0.8668952765846636,1.0104168156791504
main,f32_d1_fixed_precision,2,1048576,10,18.3964535,19.2151255,0.9573943974500713,0.02138244200166084,0.02394680690479989,1.038427344493468,1.004605950436943
main,f32_d1_fixed_precision,4,1048576,10,17.5737404,17.0114332,1.033054663495372,0.13738057152591154,0.09556421736411957,1.066240725284643,1.0141479946043435
main,f32_d1_fixed_precision,8,1048576,10,18.052519699999998,18.0724553,0.9988969069410286,0.03731381608740203,0.006929633960693682,0.9427215006948205,1.0039814020354216
main,i32_d1_fixed_precision,2,1048576,21,5.23478,5.168926714285715,1.012740224296909,0.011584068025599414,0.007097291755170598,1.0462875223805992,1.006895731266716
main,i32_d1_fixed_precision,4,1048576,22,4.953516863636363,5.118448954545454,0.9677769393865651,0.04184605444372491,0.01285528818358217,0.9940379490378912,1.0421551089598098
main,i32_d1_fixed_precision,8,1048576,20,5.53331705,5.17214025,1.0698312076900853,0.0449192135122638,0.013003727035437507,0.7270422608202429,1.020879476404999
main,i32_d1_reversible,2,1048576,10,10.4348378,10.3300719,1.0101418364764723,0.01880645427952876,0.01677213882702988,1.0419554099458266,1.003691629600714
main,i32_d1_reversible,4,1048576,11,9.969852090909091,9.92496918181818,1.0045222215070584,0.009203811202706413,0.006522786454999929,1.016810609767747,1.0195599059520992
main,i32_d1_reversible,8,1048576,10,10.6113169,10.0579012,1.0550229803410678,0.0247529126191679,0.06971834243112274,0.7949808663766208,1.0039350203311985
main,i32_d2_fixed_precision,2,1048576,55,2.0543669272727274,1.7396244545454547,1.1809255278660196,0.014915101339646464,0.01384517212152736,0.9962526261035232,0.9929479767472827
main,i32_d2_fixed_precision,4,1048576,65,1.5983991384615384,1.6314741076923078,0.9797269419877258,0.05589295189425303,0.017065567046364416,1.0905671932416654,1.0250909633055485
main,i32_d2_fixed_precision,8,1048576,61,1.8398391311475408,1.6916258852459016,1.0876158535964318,0.055824873569888966,0.1554995219023887,0.8682133532678018,1.009822008599854
main,i32_d2_reversible,2,1048576,25,3.8965193599999997,3.75583012,1.0374588933750815,0.01755859362649237,0.031612494763208154,1.03590837775775,1.0072199974361193
main,i32_d2_reversible,4,1048576,29,3.684358172413793,3.670365413793103,1.003812361180199,0.014196773916183014,0.014240121182334198,1.0923738802182192,1.0283336729601595
main,i32_d2_reversible,8,1048576,28,3.9784068571428572,3.721962,1.0689004501235793,0.053723290457113215,0.006961670062341163,0.8223245725941171,1.011944472526399
main,i32_d3_fixed_precision,2,1048576,57,1.8837444561403507,1.157068,1.628032627417188,0.09611898041744671,0.009777011088947907,0.9772796654797921,0.9951916242298986
main,i32_d3_fixed_precision,4,1048576,131,0.8308412900763359,0.6282423816793893,1.3224852609519409,0.39647492775395166,0.018982086361572392,0.9467415913163895,0.9802112507591451
main,i32_d3_fixed_precision,8,1048576,163,0.731860736196319,0.5886933128834356,1.243195260044055,0.021140734643102288,0.0793483144170497,0.844487425450457,0.9836388049657059
main,i32_d3_reversible,2,1048576,41,2.327699414634146,1.6262829268292682,1.4313004067332957,0.043271480572946386,0.041502423602529204,0.9767191749152532,0.9965831552307702
main,i32_d3_reversible,4,1048576,103,1.201658203883495,1.1416407864077671,1.0525711924366123,0.6680663479619728,0.019541028331382604,1.025367122514979,1.0034141578865503
main,i32_d3_reversible,8,1048576,89,1.3853506404494382,1.1856243258426966,1.1684566605571152,0.07272946360791122,0.006219318480715108,0.9389047984156147,1.0183449812538536
main,i32_d4_reversible,2,1048576,42,2.3525270714285713,1.5816369047619048,1.4874002145155523,0.0382753350634486,0.02113387652183718,1.0101585291784525,0.9961623525347613
main,i32_d4_reversible,4,1048576,115,0.9920456869565217,0.8805840173913043,1.1265769845510234,0.027621589026746607,0.011508182682161028,0.9951455093239161,0.9954019355518077
main,i32_d4_reversible,8,1048576,107,1.0639912710280375,0.9387858224299066,1.1333695562999186,0.039252491583753324,0.06283337764887653,0.9126736096324718,1.0065295147143032
main,i64_d1_reversible,2,1048576,10,37.634986700000006,39.3939297,0.9553498974741786,0.027507438975659104,0.024827254032490975,1.0360016800489324,1.0022682404919794
main,i64_d1_reversible,4,1048576,10,36.7905346,37.6074109,0.9782788476938199,0.06840450750068738,0.017399831159342183,1.0349419943817626,1.0085839590027479
main,i64_d1_reversible,8,1048576,10,38.015075200000005,36.7379856,1.0347621019264595,0.027545501212108636,0.028265414748270823,0.9580354444356655,1.0027032276501846
main,i64_d2_fixed_precision,2,1048576,88,1.2642313863636365,0.949825375,1.3310145418715904,0.012219192254093292,0.009459298577048303,0.9937233951254744,0.9675143048039784
main,i64_d2_fixed_precision,4,1048576,95,1.0430157157894737,0.9542733052631579,1.0929947532188837,0.010614695990905476,0.08593742381913216,1.033908592332632,0.9908396113979175
main,i64_d2_fixed_precision,8,1048576,73,1.0536391095890412,1.0145200547945206,1.03855917348272,0.05533851333645923,0.00977792805840405,0.9040808084593557,1.0003350856721545
main,i64_d2_reversible,2,1048576,11,8.724281909090909,8.700431,1.0027413479965428,0.0262745250583325,0.011339542729654317,1.018154980160945,1.0073828012152073
main,i64_d2_reversible,4,1048576,14,8.370904071428571,8.521612428571428,0.9823145726931256,0.25452010188658836,0.10015985908233627,1.042763979179593,1.0140904386520149
main,i64_d2_reversible,8,1048576,11,9.059824545454545,8.474858363636363,1.0690237118685233,0.04940361578344854,0.012056731395950981,0.8065240953505229,1.0131526657214893
main,i64_d3_reversible,2,1048576,29,3.7007330689655173,2.8317064137931034,1.3068915092819748,0.027455455027787012,0.010955450938891609,0.9813622420830381,0.9955922142375275
main,i64_d3_reversible,4,1048576,47,2.21005129787234,2.1521135531914894,1.0269213232707595,0.07949772148833634,0.029327389461781594,1.0448103530927129,1.0175012193560533
main,i64_d3_reversible,8,1048576,44,2.4325331818181817,2.259458977272727,1.0765998437176156,0.09753524804763014,0.009564618722331941,0.9335248517945874,1.0067123718241933
main,i64_d4_fixed_precision,2,1048576,84,1.2029747976190475,0.876638130952381,1.3722592654190549,0.011579350368965846,0.01004539759394385,1.248045649784064,0.9344954050040739
main,i64_d4_fixed_precision,4,1048576,164,0.516082530487805,0.492279987804878,1.048351635801944,0.00609899614869458,0.013704723211872327,1.1450522897246578,0.8605927275158782
main,i64_d4_fixed_precision,8,1048576,176,0.5691810454545454,0.35432742613636364,1.6063702763880743,0.05381778389253533,0.06173408528933977,0.6903865481728906,0.6260789645643884
main,i64_d4_reversible,2,1048576,26,3.8042898076923075,2.654236346153846,1.4332897721052462,0.2877660830963751,0.012178629678288644,1.0453377757810909,0.9955123914997279
main,i64_d4_reversible,4,1048576,76,1.4283024605263157,1.429538894736842,0.999135081797999,0.17577205447242972,0.05910266096476691,1.064371153963188,0.9897284347389769
main,i64_d4_reversible,8,1048576,72,1.5393140277777777,1.4874047777777777,1.034899208860653,0.19080442668320607,0.06891184369374748,0.9267567795400014,0.9937998609805556
main,f32_d1_fixed_accuracy,2,1048576,10,18.2446153,18.5125615,0.9855262492983481,0.004202001452998427,0.021687290545935545,1.0246983336764242,1.004131299562136
main,f32_d1_fixed_accuracy,4,1048576,10,16.8024252,17.4814869,0.9611553808961182,0.035665869234162706,0.0028290328095605943,1.0442899571972466,1.0139344519509155
main,f32_d1_fixed_accuracy,8,1048576,10,17.9876765,16.3261169,1.1017731044177443,0.041850913874284856,0.0679250985885076,0.869255005626058,1.00762955449902
main,f32_d1_reversible,2,1048576,10,31.038365300000002,32.1645145,0.9649878377613939,0.017516660260455064,0.015025092326514056,1.0164098550226037,1.003043803592679
main,f32_d1_reversible,4,1048576,10,29.5085473,30.7497438,0.9596355498740773,0.02560265309976817,0.03313969074435019,1.0311747817175587,1.0091577204456077
main,f32_d1_reversible,8,1048576,10,31.251467899999998,30.1486095,1.0365807384914385,0.019121204223498278,0.00495914413565246,0.9639398420169502,1.0009709212774869
main,f32_d2_fixed_precision,2,1048576,21,5.0455101904761905,4.926691714285715,1.0241172947448576,0.0057066483455532335,0.005762197652078305,1.0185473973138874,1.0119275798436722
main,f32_d2_fixed_precision,4,1048576,23,4.394230260869565,4.731942608695652,0.9286313516978228,0.11270314385377422,0.028783950115900625,1.0656796078510646,1.0299679791853866
main,f32_d2_fixed_precision,8,1048576,15,5.2704914,4.8687857999999995,1.0825063201589193,0.028473221048546993,0.00739167179354383,0.8237054671175198,1.0130241058287597
main,f32_d2_fixed_accuracy,2,1048576,18,5.874734444444444,5.697077333333333,1.031183903731067,0.017585901282346272,0.055909515475537575,1.010810737035583,1.010601297910292
main,f32_d2_fixed_accuracy,4,1048576,14,5.615106357142857,5.455118714285715,1.0293279855556894,0.02988359627687487,0.03067356318630332,1.046272105426072,1.0271640435459435
main,f32_d2_fixed_accuracy,8,1048576,18,5.784527777777778,5.579840777777778,1.0366833048023851,0.09348302704052469,0.01273524989273378,0.8198513889273604,1.0129316513964965
main,f32_d2_reversible,2,1048576,11,9.47682,9.569583454545455,0.990306427130703,0.00988774331857778,0.006442742667872148,1.018457867040867,1.0087305743001642
main,f32_d2_reversible,4,1048576,11,9.19975618181818,8.937828818181819,1.0293054799957162,0.004484002234130369,0.039663151057928836,1.031237805375514,1.0195998842783018
main,f32_d2_reversible,8,1048576,11,9.337992636363637,9.305058363636363,1.0035393945357698,0.22004215252842108,0.0040240380691471955,0.9001634436495318,1.0060018828332824
main,f32_d3_fixed_accuracy,2,1048576,48,2.31888475,1.9378625416666668,1.1966198324911288,0.05289237099860178,0.007743841308317734,0.9870067100045812,0.9980897745057233
main,f32_d3_fixed_accuracy,4,1048576,70,1.7287797428571428,1.7325602428571427,0.9978179690919343,0.02723837859473832,0.02619860251901196,1.0605642833215037,1.0269759555798141
main,f32_d3_fixed_accuracy,8,1048576,68,1.9793815,1.8047846323529413,1.096741109447188,0.03876252431853677,0.0034004138753560564,0.912317703422903,1.0151029396678277
main,f32_d3_reversible,2,1048576,32,3.09532746875,2.94890221875,1.0496541557292014,0.12329065061866085,0.022307517381123798,1.029073986451532,1.0107734494352765
main,f32_d3_reversible,4,1048576,39,2.878830128205128,2.6916350512820513,1.0695469754838842,0.03253154604512387,0.09557877445705087,1.0467299488969342,1.0333476690021446
main,f32_d3_reversible,8,1048576,34,3.1101744411764702,2.9438519411764705,1.056498255796632,0.09583140366885612,0.015626175493200778,0.8607697232546341,1.0091266953132525
main,f32_d4_fixed_precision,2,1048576,51,2.152197568627451,1.5741150392156862,1.367242872985826,0.009813416794339558,0.003923287516159002,1.008725067560044,0.9958028170387462
main,f32_d4_fixed_precision,4,1048576,96,1.1038854583333333,1.0820580104166668,1.0201721605556633,0.3775191462912575,0.000762407137194332,1.0498077225732823,1.007984119265495
main,f32_d4_fixed_precision,8,1048576,99,1.28387398989899,1.138298505050505,1.1278886726131876,0.04142582198251388,0.04183573583226541,0.9162520066910835,1.009812361395711
main,f32_d4_fixed_accuracy,2,1048576,40,2.5831157250000003,2.02960235,1.2727201094342446,0.2446069368417476,0.017178894673629097,0.9968874458452249,0.996924398760589
main,f32_d4_fixed_accuracy,4,1048576,75,1.6390927466666665,1.6210623733333334,1.0111225660591072,0.020726465948365913,0.005290209766799947,1.0807114079529405,1.0215286228575398
main,f32_d4_fixed_accuracy,8,1048576,59,1.8246128305084746,1.5455827966101696,1.1805338636728386,0.06262706840142562,0.07256182284813084,0.8928954156107909,1.007319000063348
main,f32_d4_reversible,2,1048576,40,2.7291766749999997,2.167284375,1.2592609933802525,0.2986085171638808,0.11632973868507679,0.9826941628347888,0.9969716969846966
main,f32_d4_reversible,4,1048576,50,1.98834384,1.98215662,1.003121458686751,0.011814013012960478,0.013143956303513393,1.0643173145779279,1.026571892110507
main,f32_d4_reversible,8,1048576,48,2.1398344375,2.0207572708333332,1.0589270014688903,0.09535484603739741,0.010799674532079528,0.8826960342274182,1.0124450919495112
main,f64_d1_fixed_precision,2,1048576,10,18.116699,18.547434,0.9767765718966839,0.029567582924461044,0.009148154941540643,1.0244639236195034,1.0005913428931714
main,f64_d1_fixed_precision,4,1048576,10,17.406260600000003,17.5339784,0.9927159828142599,0.07703261089863256,0.008425138700980828,1.0151112252366132,1.0147126095856276
main,f64_d1_fixed_precision,8,1048576,10,18.4712414,17.371950100000003,1.0632796717508415,0.13010764398325736,0.03596078715422979,0.8580508383514927,1.0075613652836746
main,f64_d1_fixed_accuracy,2,1048576,10,17.8409677,18.034665399999998,0.9892597009312964,0.00954506520405829,0.03774974389045216,1.0243849417502426,1.0006504820489244
main,f64_d1_fixed_accuracy,4,1048576,10,17.0524378,17.1745372,0.9928906730598832,0.007966063362506492,0.011990873326123808,1.003942504040686,1.0139780795822053
main,f64_d1_fixed_accuracy,8,1048576,10,17.8917292,16.071295,1.1132724027528584,0.09596519044117868,0.08084226566683017,0.8459832154258936,1.002953720987144
main,f64_d1_reversible,2,1048576,10,41.763774700000006,43.6874604,0.9559670971398466,0.015763620619282603,0.029087799756838173,1.009353414060799,1.0003612216202626
main,f64_d1_reversible,4,1048576,10,40.0521685,41.5118746,0.964836420564828,0.023088954596802935,0.003558976833101024,1.019761530897006,1.0069215677338506
main,f64_d1_reversible,8,1048576,10,41.468112,40.4175051,1.0259938582898824,0.002643689203887467,0.03874077571403589,0.9255973162244568,0.9986775941347538
main,f64_d2_fixed_precision,2,1048576,22,4.902290909090909,4.796661818181819,1.0220213754717296,0.12117866044075853,0.026882445518929154,1.0247245135829572,1.0151298439218093
main,f64_d2_fixed_precision,4,1048576,21,4.784729904761905,4.706583333333333,1.0166036731730885,0.013099490474299147,0.05184063861915811,1.091506910540907,1.0460546255234484
main,f64_d2_fixed_precision,8,1048576,20,5.09464885,4.44914145,1.1450858344816166,0.03514474800358425,0.12211950465184707,0.7507641842673386,1.0145145403672937
main,f64_d2_fixed_accuracy,2,1048576,17,5.900646,5.812064470588235,1.0152409750201548,0.011468265757781149,0.0071515744491559285,1.0238815744989525,1.0136176266844246
main,f64_d2_fixed_accuracy,4,1048576,19,5.19578405263158,5.633631631578948,0.9222796931746402,0.12055101718754813,0.045115051101794146,1.0861529344965544,1.0416375742899529
main,f64_d2_fixed_accuracy,8,1048576,17,6.086467529411765,5.909936470588235,1.0298702125990804,0.05306104918502519,0.006308747023457739,0.7624540525277261,1.0145179452679098
main,f64_d2_reversible,2,1048576,10,12.3252644,12.3398193,0.9988204932628146,0.0021922531738953754,0.002675736102553783,1.0140294540499473,1.0082052050631893
main,f64_d2_reversible,4,1048576,10,11.875855099999999,11.5772561,1.0257918627195264,0.003488313022613543,0.031697821731696996,1.0451688269098938,1.0228859515544995
main,f64_d2_reversible,8,1048576,10,12.3645031,12.076597699999999,1.0238399429335963,0.08880254961479217,0.08959296540945472,0.8365537341304231,1.0050282487994744
main,f64_d3_fixed_precision,2,1048576,33,3.320385727272727,2.386326090909091,1.3914216250335671,0.014009462153671493,0.037216077596446295,0.9757797235449868,0.9933606623415567
main,f64_d3_fixed_precision,4,1048576,62,1.7613888387096774,1.7243548064516128,1.0214770371616693,0.0051265630673331675,0.009429791589744552,1.0176785351341013,1.0102546728949844
main,f64_d3_fixed_precision,8,1048576,73,1.8571702739726028,1.6892581506849316,1.099399918964185,0.06672277893979661,0.0739182949279551,0.9480854888959659,1.0207173772800107
main,f64_d3_fixed_accuracy,2,1048576,26,3.8973695,2.9097133846153844,1.3394341589129293,0.030526299656927325,0.024148215073998447,0.9796984146425252,0.9947221284801244
main,f64_d3_fixed_accuracy,4,1048576,57,2.2226029298245615,2.152646350877193,1.032497943249648,0.02714551526266029,0.029454337403813424,1.028383475054253,1.0138242098412311
main,f64_d3_fixed_accuracy,8,1048576,44,2.3627335454545455,2.3004745,1.0270635668661163,0.017962014644901547,0.014474968296560364,0.8888476630545703,1.0039997408591816
main,f64_d3_reversible,2,1048576,20,4.8636566,4.639763,1.0482553958036218,0.02847093481065266,0.01917623809664426,0.9971998496504472,1.0003040500539986
main,f64_d3_reversible,4,1048576,22,4.755186409090909,4.820683590909091,0.9864132999847373,0.29263696487723,0.018280922983772596,1.061184610889661,1.0301223577649588
main,f64_d3_reversible,8,1048576,26,4.921486884615385,4.607700692307692,1.068100385259733,0.008493071187937185,0.06672170663328836,0.7803906052452355,0.9949977001353786
main,f64_d4_fixed_accuracy,2,1048576,30,3.5419898333333335,2.673319633333333,1.3249406427756134,0.10423384896785182,0.011705995151670923,1.0429763156407632,0.9951939125801176
main,f64_d4_fixed_accuracy,4,1048576,67,1.7376069104477612,1.7734185970149254,0.9798064108341688,0.06711493401247859,0.02714808028335791,1.154922875636273,0.9942116964044958
main,f64_d4_fixed_accuracy,8,1048576,63,1.868334349206349,1.7792149365079366,1.0500891774623515,0.009727431948042708,0.051908528124598785,0.9667418260097697,1.0060023889078333
large,i64_d3_fixed_precision,2,16777216,5,33.261275399999995,19.6175578,1.6954850210763746,0.01257331220678326,0.008461532352411316,1.0208977994863748,0.9403585121531124
large,i64_d3_fixed_precision,4,16777216,13,13.219743076923075,9.696874769230769,1.3632993507218167,0.6673856689638911,0.0036182395070156748,0.9403719955698957,0.8425303917572969
large,i64_d3_fixed_precision,8,16777216,19,8.173201105263157,7.290855105263158,1.1210209210388844,0.26298875707534597,0.024697297978483412,0.8545207911758478,0.9281528132690273
large,f32_d3_fixed_precision,2,16777216,5,34.08924,25.877495600000003,1.3173314963291887,0.06103250761823964,0.017550794212095155,0.9992655264395183,0.9942342293461061
large,f32_d3_fixed_precision,4,16777216,8,18.721709,18.869972875,0.9921428676139525,0.019850371298902214,0.021236583256084796,1.0311122962972041,1.0189511396192592
large,f32_d3_fixed_precision,8,16777216,9,19.104966777777776,18.943205666666667,1.0085392680604082,0.0159834061998807,0.009517789523961317,0.8895746519995216,0.9975046016756489
large,f64_d4_fixed_precision,2,16777216,3,60.88396766666666,36.79872966666667,1.6545127567764137,0.013085108672533208,0.00211857856796116,0.9296998210540887,0.9922343479920837
large,f64_d4_fixed_precision,4,16777216,8,22.012594625,19.244619875,1.1438310950270199,0.052669171660630676,0.053612854226355644,0.9506734868647788,0.9777573067899319
large,f64_d4_fixed_precision,8,16777216,8,20.390508625,19.387134,1.0517546649752356,0.14476679097552436,0.020032589654561672,0.8742822946837084,1.0021318839812696
large,f64_d4_reversible,2,16777216,3,74.55761733333333,60.39945066666667,1.2344088648223468,0.11526189150572463,0.016124688595401837,1.019106349789977,0.9956515705638701
large,f64_d4_reversible,4,16777216,4,48.5005595,50.77521025,0.9552015493623682,0.05915625055830542,0.006727470911851219,1.057895532791327,1.0230036360700967
large,f64_d4_reversible,8,16777216,3,49.112984,49.309899333333334,0.996006576042628,0.021575163640365824,0.014271062731433304,0.8298713202506895,1.0069962842501694
serial-controls,i32_d1_fixed_rate,0,1048576,16,6.290678125,6.2364460625,1.0086959883812834,0.0209504042936548,0.018583420563336173,0.995002680140796,0.9999999058225093
serial-controls,i32_d1_fixed_precision,0,1048576,18,5.846559833333333,5.814419388888889,1.0055277134817386,0.04834464050497633,0.07948178718026,0.996232596845749,0.9999999618952593
serial-controls,i32_d1_reversible,0,1048576,10,9.984763599999999,9.975282,1.0009505094693063,0.06121126393017451,0.030339473109632475,0.9972785002949045,0.9999997871357289
serial-controls,i32_d2_fixed_rate,0,1048576,28,3.4913763571428573,3.4929708928571426,0.9995435015741052,0.015208062952005275,0.01321438560513144,0.9973135377950282,0.9999998046669657
serial-controls,i32_d2_fixed_precision,0,1048576,32,3.2042785,3.19869296875,1.0017461917428676,0.0030174401975358034,0.012317433365727659,1.003871718798204,0.9999996381162475
serial-controls,i32_d2_reversible,0,1048576,23,4.445916695652174,4.493135565217392,0.989490886958597,0.09669629046228678,0.122615234187478,0.9963870211481993,0.9999999256430341
serial-controls,i32_d3_fixed_rate,0,1048576,42,2.342234380952381,2.3493614285714286,0.9969663894484804,0.005446834018196789,0.005659957447403441,1.0056992935901743,1.0000004426914928
serial-controls,i32_d3_fixed_precision,0,1048576,52,1.9245337884615386,1.922709923076923,1.000948591029112,0.051418486896881443,0.048182195090111124,0.9807339993992377,0.9999996921853989
serial-controls,i32_d3_reversible,0,1048576,45,2.250463377777778,2.2828204444444444,0.9858258380568597,0.02318566451875026,0.0038858850241005882,1.0159424714295318,1.000000335250271
serial-controls,i32_d4_fixed_rate,0,1048576,40,2.5138601,2.531497,0.993033015642523,0.02190261104824409,0.009514232092710406,0.9840752204051062,1.0012170544782875
serial-controls,i32_d4_fixed_precision,0,1048576,52,1.9477056153846155,1.9401927307692308,1.003872236245523,0.00673392910862014,0.022676900595779426,0.9953787623627052,0.9999998137733793
serial-controls,i32_d4_reversible,0,1048576,40,2.533723725,2.5423068,0.9966239027484803,0.015017915972665774,0.007071677973720547,1.0051216375131415,1.0000001878080687
serial-controls,i64_d1_fixed_rate,0,1048576,14,7.507382142857143,7.5557899285714285,0.9935932859208755,0.011683709415541976,0.007323106871146123,0.9996875274857131,0.9999998492698416
serial-controls,i64_d1_fixed_precision,0,1048576,33,2.9320952424242424,2.9573079696969695,0.9914744329873392,0.019092056241134747,0.01986860224219278,1.0196309192485296,0.9999999499040816
serial-controls,i64_d1_reversible,0,1048576,10,32.5139975,32.4098078,1.0032147583423805,0.07973338867360136,0.018929945644416968,1.004171377522328,1.0000000219445981
serial-controls,i64_d2_fixed_rate,0,1048576,23,4.390445739130435,4.396529695652174,0.9986161911910305,0.012837985391440876,0.008468517110970852,0.9967883502402249,0.9999999675462149
serial-controls,i64_d2_fixed_precision,0,1048576,81,1.2290247901234568,1.234583975308642,0.9954971186275154,0.051586499254733686,0.014400622503895066,0.9490691770436417,1.0000003905383137
serial-controls,i64_d2_reversible,0,1048576,12,8.675148916666666,8.773347916666665,0.9888071234684023,0.011344512270476281,0.009356044478459502,1.0037031657680053,0.9999998983719601
serial-controls,i64_d3_fixed_rate,0,1048576,31,3.315016290322581,3.3148560322580645,1.000048345407148,0.02251186329498389,0.022169784885417654,1.0030248532483341,0.999999736555333
serial-controls,i64_d3_fixed_precision,0,1048576,78,1.1230511666666667,1.124918282051282,0.9983402213170448,0.11487091068104527,0.07134269787300562,1.0072838462771418,1.0000003269741347
serial-controls,i64_d3_reversible,0,1048576,23,4.415553130434782,4.389493260869566,1.0059368742623505,0.012306774663575215,0.0156924125489577,0.9977883982325417,0.9999999634365883
serial-controls,i64_d4_fixed_rate,0,1048576,31,3.245832677419355,3.233428774193549,1.0038361454950866,0.008392369081732687,0.010245141550128345,0.9987457095533019,1.001225963192029
serial-controls,i64_d4_fixed_precision,0,1048576,84,1.198257380952381,1.2032307738095238,0.9958666342605279,0.01800231327993962,0.07445035011640533,1.0017996854592337,0.999999607957415
serial-controls,i64_d4_reversible,0,1048576,24,4.389791208333333,4.3582495833333335,1.007237223200943,0.020460141664482512,0.029254281081309674,1.0020204740850989,0.9999998386041301
serial-controls,f32_d1_fixed_rate,0,1048576,10,11.5081692,11.5195855,0.9990089660778159,0.0932966731146081,0.029879920592629006,1.000832560776408,0.9999996068686802
serial-controls,f32_d1_fixed_precision,0,1048576,10,16.911443600000002,16.823040300000002,1.0052548943843402,0.01513287724295731,0.00362254378003235,0.9911164027607546,1.000000193906029
serial-controls,f32_d1_fixed_accuracy,0,1048576,10,17.0522655,16.9403954,1.0066037478676562,0.006562987187831437,0.022812956302070697,0.993364388735689,0.9999998906534298
serial-controls,f32_d1_reversible,0,1048576,10,30.5436169,30.310899199999998,1.0076776904064924,0.010432461258378378,0.002554840075480236,0.9846561943589505,1.0000001440934916
serial-controls,f32_d2_fixed_rate,0,1048576,21,4.932748476190476,4.956614476190476,0.9951850199133617,0.0049850987160466875,0.00880338791923485,1.0012807762576115,1.0000001160853544
serial-controls,f32_d2_fixed_precision,0,1048576,16,6.361210625,6.3074503125,1.0085233033692647,0.08067965050284753,0.07751228321705472,1.002196013699457,1.0000000789642214
serial-controls,f32_d2_fixed_accuracy,0,1048576,14,7.034010071428572,7.071624214285714,0.9946809754425078,0.031458594625473735,0.0034629849988290218,0.9949948448830005,0.999999938402815
serial-controls,f32_d2_reversible,0,1048576,11,9.695242545454544,9.831908727272726,0.9860997304176469,0.009988488449649058,0.008843404456488013,1.010345429738299,1.0000004327849998
serial-controls,f32_d3_fixed_rate,0,1048576,40,2.52052495,2.5183376749999997,1.00086853920414,0.02987863698790183,0.037535961097830084,0.9980291837329001,0.9999998952562359
serial-controls,f32_d3_fixed_precision,0,1048576,36,2.7963691666666666,2.8406568333333335,0.9844093569673821,0.02181656391934439,0.01377618591850327,1.0009923378628633,1.0000002605022171
serial-controls,f32_d3_fixed_accuracy,0,1048576,29,3.486899793103448,3.4837915517241376,1.000892200733931,0.02739360586433004,0.011751920507140579,1.007831477603017,1.0000000673434477
serial-controls,f32_d3_reversible,0,1048576,26,3.994617923076923,4.070213076923077,0.9814272244677419,0.013475131047962163,0.41848968594915736,1.0146793996100172,0.9999998930658949
serial-controls,f32_d4_fixed_rate,0,1048576,39,2.5702489743589747,2.5635395384615385,1.0026172546967864,0.0036715788583185915,0.02210239324350849,1.0009657938113439,0.9980074286780203
serial-controls,f32_d4_fixed_precision,0,1048576,38,2.6735259736842103,2.6600321578947366,1.005072801751447,0.0036502160309941356,0.011087954595562666,0.9959080468264002,0.9981134659812466
serial-controls,f32_d4_fixed_accuracy,0,1048576,29,3.4865964482758622,3.527137655172414,0.9885059187193618,0.057986458229291715,0.0909124202225049,1.0024654937439055,1.0000002929155904
serial-controls,f32_d4_reversible,0,1048576,25,3.79988292,3.83403044,0.9910935709733175,0.03998385297618601,0.019576985935458646,1.0103175224013634,1.0000001711448212
serial-controls,f64_d1_fixed_rate,0,1048576,10,10.8412332,10.8686503,0.9974774144679214,0.0035463769933481437,0.008537739041985626,1.0014973821912585,0.9999998545590479
serial-controls,f64_d1_fixed_precision,0,1048576,10,17.4026614,17.1619405,1.0140264383272974,0.009729431384558174,0.011859422307168632,0.9843652487670563,0.999999658334006
serial-controls,f64_d1_fixed_accuracy,0,1048576,10,17.636369100000003,17.4415363,1.0111706214778797,0.06134359594458694,0.005724306522241429,0.9819430370290196,0.9999999044434823
serial-controls,f64_d1_reversible,0,1048576,10,41.4112953,41.131695,1.0067976848510618,0.022796971047655212,0.0028016448142971218,0.9998229354638587,1.0000000135012324
serial-controls,f64_d2_fixed_rate,0,1048576,20,5.2292799500000005,5.2235582,1.0010953740306752,0.0017490457744568921,0.012597629332434801,1.0028200317652742,0.9999998143250309
serial-controls,f64_d2_fixed_precision,0,1048576,15,6.5471094,6.5595622,0.9981015806207311,0.014977968750606196,0.018714470507396497,0.9963938740944294,1.0000000416671697
serial-controls,f64_d2_fixed_accuracy,0,1048576,14,7.327118928571428,7.301132714285715,1.0035592031130824,0.009845196901354658,0.003174781353398215,0.9984311173148462,1.000000204253979
serial-controls,f64_d2_reversible,0,1048576,10,12.0697917,12.001033099999999,1.0057293900805924,0.04536609360043897,0.08358042942153032,1.0038758273697297,0.9999999489977363
serial-controls,f64_d3_fixed_rate,0,1048576,28,3.483262142857143,3.542012642857143,0.9834132438464113,0.024567077618332656,0.06771594971115791,1.032747595749632,0.9979507805674163
serial-controls,f64_d3_fixed_precision,0,1048576,27,3.713052703703704,3.687656740740741,1.0068867480756525,0.07358910417556674,0.10485781535945149,0.9819898342595237,1.0017105402459905
serial-controls,f64_d3_fixed_accuracy,0,1048576,24,4.240690041666667,4.31846725,0.981989626450604,0.017491040987325013,0.07753781159275897,1.0177832392651855,1.000175531728247
serial-controls,f64_d3_reversible,0,1048576,14,7.083044928571428,6.8602742857142855,1.032472556282631,0.08559326316368643,0.13673570319554074,0.9631857857922461,0.9999998052390169
serial-controls,f64_d4_fixed_rate,0,1048576,27,3.6881091481481483,3.725661814814815,0.989920538005532,0.013733555547639886,0.004628310183697026,1.0067566131878474,1.000479406711153
serial-controls,f64_d4_fixed_precision,0,1048576,27,3.7915863333333335,3.778675703703704,1.0034167075033655,0.005779140756593915,0.0092600245094685,0.9966190970438719,0.9995355008261895
serial-controls,f64_d4_fixed_accuracy,0,1048576,24,4.350548,4.339246583333333,1.0026044651875914,0.010470309334211114,0.013191038021788781,0.9950986586939772,1.0000843545410516
serial-controls,f64_d4_reversible,0,1048576,16,6.7091836875,6.641305,1.0102206851665447,0.011219164805435167,0.024075445262640383,0.9755624471316857,1.0000003284378618
rate-controls,i32_d1_fixed_rate,4,1048576,66,1.8859107272727273,2.0027941515151517,0.9416398214694207,0.06046597147646082,0.019617796996853176,1.0013273413520856,0.9999778117017369
rate-controls,i32_d2_fixed_rate,4,1048576,114,1.0439325087719298,1.0564381140350876,0.9881624819314854,0.033255325892967535,0.013502621706861673,1.0021724552834816,1.0000423897285644
rate-controls,i32_d3_fixed_rate,4,1048576,135,0.7069313851851853,0.712470925925926,0.992224888708909,0.01578463212370851,0.0067458815083552,1.009449810224763,0.9999798758654388
rate-controls,i32_d4_fixed_rate,4,1048576,149,0.7632657852348994,0.7703253691275167,0.9908355817222881,0.3525489928908627,0.02699423271679513,1.0028172580030763,1.000253240244018
rate-controls,i64_d1_fixed_rate,4,1048576,48,2.7155248958333336,2.9660468541666667,0.9155367495353612,0.1996083016332133,0.2735582136967396,0.999429405970531,1.0000048331361837
rate-controls,i64_d2_fixed_rate,4,1048576,90,1.3557800222222223,1.3403471999999998,1.0115140481676854,0.04594255629899702,0.06673701162405288,0.997650150189106,0.9999958601758773
rate-controls,i64_d3_fixed_rate,4,1048576,118,1.0107069745762711,1.021721754237288,0.9892193940127667,0.016960304753285582,0.0026123816073941875,1.0038997538564554,1.000032931039016
rate-controls,i64_d4_fixed_rate,4,1048576,96,0.9636807604166666,0.97353171875,0.9898812148144677,0.10659117500583948,0.016402756950918862,1.011414404379251,1.0000163158804038
rate-controls,f32_d1_fixed_rate,4,1048576,24,3.9354177083333335,4.021772833333333,0.9785280948032993,0.018144187891956598,0.0656594664285075,0.993215142379306,0.9999743549420398
rate-controls,f32_d2_fixed_rate,4,1048576,81,1.4279367901234568,1.4463521728395061,0.9872677048772321,0.12420967729664012,0.0659588857881599,1.0018382184403214,1.0000527075902572
rate-controls,f32_d3_fixed_rate,4,1048576,151,0.7230176622516556,0.735544582781457,0.982969189328496,0.023742360099343385,0.015295897533486702,1.015287608852248,0.9999882494020884
rate-controls,f32_d4_fixed_rate,4,1048576,151,0.7412554569536425,0.7498589205298013,0.9885265570087768,0.009822980296521067,0.34159043621247354,1.0196708090884454,0.9998182203539195
rate-controls,f64_d1_fixed_rate,4,1048576,27,3.020037481481481,3.7153056296296296,0.812863807864588,0.046082344428101996,0.2961560751714041,0.9993350257256259,1.000094013096574
rate-controls,f64_d2_fixed_rate,4,1048576,46,1.5176573478260869,1.4952748913043479,1.01496879045579,0.22174023414061028,0.38548231170813496,0.9994070164813179,1.0000047205734308
rate-controls,f64_d3_fixed_rate,4,1048576,116,1.0011269655172415,1.0234691724137932,0.9781701222677192,0.018308375712584812,0.009027890131353633,1.0025692745812678,1.0001156926627837
rate-controls,f64_d4_fixed_rate,4,1048576,106,1.034436603773585,1.0503341226415095,0.984864322194976,0.008370667179326885,0.0073676734870451455,1.0066764770534407,1.0000210613975344
rate-recheck,f64_d1_fixed_rate,4,1048576,60,3.153492533333333,2.92746465,1.0772094321731036,0.05412223057322185,0.08014974664168895,0.9998054218572384,0.9999772782180955
